{
  "project_info": {
    "project_number": "665266739098",
    "project_id": "betteryou-4a39c",
    "storage_bucket": "betteryou-4a39c.firebasestorage.app"
  },
  "client": [
    {
      "client_info": {
        "mobilesdk_app_id": "1:665266739098:android:34966cf566dfceefcb8c23",
        "android_client_info": {
          "package_name": "edu.utsa.cs3443.betteryou"
        }
      },
      "oauth_client": [],
      "api_key": [
        {
          "current_key": "AIzaSyDb4WZ3ESslzd9I4Jcej0--OYOopEJwHL8"
        }
      ],
      "services": {
        "appinvite_service": {
          "other_platform_oauth_client": []
        }
      }
    },
    {
      "client_info": {
        "mobilesdk_app_id": "1:665266739098:android:ccb61cad2f2a78c7cb8c23",
        "android_client_info": {
          "package_name": "edu.utsa.cs3443.logintest"
        }
      },
      "oauth_client": [],
      "api_key": [
        {
          "current_key": "AIzaSyDb4WZ3ESslzd9I4Jcej0--OYOopEJwHL8"
        }
      ],
      "services": {
        "appinvite_service": {
          "other_platform_oauth_client": []
        }
      }
    }
  ],
  "configuration_version": "1"
}